MSA,Counties
Abilene TX Metro Area,Callahan TX
Abilene TX Metro Area,Jones TX
Abilene TX Metro Area,Taylor TX
Akron OH Metro Area,Portage OH
Akron OH Metro Area,Summit OH
Albany GA Metro Area,Baker GA
Albany GA Metro Area,Dougherty GA
Albany GA Metro Area,Lee GA
Albany GA Metro Area,Terrell GA
Albany GA Metro Area,Worth GA
Albany OR Metro Area,Linn OR
Albany-Schenectady-Troy NY Metro Area,Albany NY
Albany-Schenectady-Troy NY Metro Area,Rensselaer NY
Albany-Schenectady-Troy NY Metro Area,Saratoga NY
Albany-Schenectady-Troy NY Metro Area,Schenectady NY
Albany-Schenectady-Troy NY Metro Area,Schoharie NY
Albuquerque NM Metro Area,Bernalillo NM
Albuquerque NM Metro Area,Sandoval NM
Albuquerque NM Metro Area,Torrance NM
Albuquerque NM Metro Area,Valencia NM
Alexandria LA Metro Area,Grant Parish LA
Alexandria LA Metro Area,Rapides Parish LA
Allentown-Bethlehem-Easton PA-NJ Metro Area,Carbon PA
Allentown-Bethlehem-Easton PA-NJ Metro Area,Lehigh PA
Allentown-Bethlehem-Easton PA-NJ Metro Area,Northampton PA
Allentown-Bethlehem-Easton PA-NJ Metro Area,Warren NJ
Altoona PA Metro Area,Blair PA
Amarillo TX Metro Area,Armstrong TX
Amarillo TX Metro Area,Carson TX
Amarillo TX Metro Area,Oldham TX
Amarillo TX Metro Area,Potter TX
Amarillo TX Metro Area,Randall TX
Ames IA Metro Area,Story IA
Anchorage AK Metro Area,Anchorage Borough AK
Anchorage AK Metro Area,Matanuska-Susitna Borough AK
Ann Arbor MI Metro Area,Washtenaw MI
Anniston-Oxford-Jacksonville AL Metro Area,Calhoun AL
Appleton WI Metro Area,Calumet WI
Appleton WI Metro Area,Outagamie WI
Asheville NC Metro Area,Buncombe NC
Asheville NC Metro Area,Haywood NC
Asheville NC Metro Area,Henderson NC
Asheville NC Metro Area,Madison NC
Athens-Clarke County GA Metro Area,Clarke GA
Athens-Clarke County GA Metro Area,Madison GA
Athens-Clarke County GA Metro Area,Oconee GA
Athens-Clarke County GA Metro Area,Oglethorpe GA
Atlanta-Sandy Springs-Roswell GA Metro Area,Barrow GA
Atlanta-Sandy Springs-Roswell GA Metro Area,Bartow GA
Atlanta-Sandy Springs-Roswell GA Metro Area,Butts GA
Atlanta-Sandy Springs-Roswell GA Metro Area,Carroll GA
Atlanta-Sandy Springs-Roswell GA Metro Area,Cherokee GA
Atlanta-Sandy Springs-Roswell GA Metro Area,Clayton GA
Atlanta-Sandy Springs-Roswell GA Metro Area,Cobb GA
Atlanta-Sandy Springs-Roswell GA Metro Area,Coweta GA
Atlanta-Sandy Springs-Roswell GA Metro Area,Dawson GA
Atlanta-Sandy Springs-Roswell GA Metro Area,DeKalb GA
Atlanta-Sandy Springs-Roswell GA Metro Area,Douglas GA
Atlanta-Sandy Springs-Roswell GA Metro Area,Fayette GA
Atlanta-Sandy Springs-Roswell GA Metro Area,Forsyth GA
Atlanta-Sandy Springs-Roswell GA Metro Area,Fulton GA
Atlanta-Sandy Springs-Roswell GA Metro Area,Gwinnett GA
Atlanta-Sandy Springs-Roswell GA Metro Area,Haralson GA
Atlanta-Sandy Springs-Roswell GA Metro Area,Heard GA
Atlanta-Sandy Springs-Roswell GA Metro Area,Henry GA
Atlanta-Sandy Springs-Roswell GA Metro Area,Jasper GA
Atlanta-Sandy Springs-Roswell GA Metro Area,Lamar GA
Atlanta-Sandy Springs-Roswell GA Metro Area,Meriwether GA
Atlanta-Sandy Springs-Roswell GA Metro Area,Morgan GA
Atlanta-Sandy Springs-Roswell GA Metro Area,Newton GA
Atlanta-Sandy Springs-Roswell GA Metro Area,Paulding GA
Atlanta-Sandy Springs-Roswell GA Metro Area,Pickens GA
Atlanta-Sandy Springs-Roswell GA Metro Area,Pike GA
Atlanta-Sandy Springs-Roswell GA Metro Area,Rockdale GA
Atlanta-Sandy Springs-Roswell GA Metro Area,Spalding GA
Atlanta-Sandy Springs-Roswell GA Metro Area,Walton GA
Atlantic City-Hammonton NJ Metro Area,Atlantic NJ
Auburn-Opelika AL Metro Area,Lee AL
Augusta-Richmond County GA-SC Metro Area,Aiken SC
Augusta-Richmond County GA-SC Metro Area,Burke GA
Augusta-Richmond County GA-SC Metro Area,Columbia GA
Augusta-Richmond County GA-SC Metro Area,Edgefield SC
Augusta-Richmond County GA-SC Metro Area,Lincoln GA
Augusta-Richmond County GA-SC Metro Area,McDuffie GA
Augusta-Richmond County GA-SC Metro Area,Richmond GA
Austin-Round Rock TX Metro Area,Bastrop TX
Austin-Round Rock TX Metro Area,Caldwell TX
Austin-Round Rock TX Metro Area,Hays TX
Austin-Round Rock TX Metro Area,Travis TX
Austin-Round Rock TX Metro Area,Williamson TX
Bakersfield CA Metro Area,Kern CA
Baltimore-Columbia-Towson MD Metro Area,Anne Arundel MD
Baltimore-Columbia-Towson MD Metro Area,Baltimore city MD
Baltimore-Columbia-Towson MD Metro Area,Baltimore MD
Baltimore-Columbia-Towson MD Metro Area,Carroll MD
Baltimore-Columbia-Towson MD Metro Area,Harford MD
Baltimore-Columbia-Towson MD Metro Area,Howard MD
Baltimore-Columbia-Towson MD Metro Area,Queen Annes MD
Bangor ME Metro Area,Penobscot ME
Barnstable Town MA Metro Area,Barnstable MA
Baton Rouge LA Metro Area,Ascension Parish LA
Baton Rouge LA Metro Area,East Baton Rouge Parish LA
Baton Rouge LA Metro Area,East Feliciana Parish LA
Baton Rouge LA Metro Area,Iberville Parish LA
Baton Rouge LA Metro Area,Livingston Parish LA
Baton Rouge LA Metro Area,Pointe Coupee Parish LA
Baton Rouge LA Metro Area,St. Helena Parish LA
Baton Rouge LA Metro Area,West Baton Rouge Parish LA
Baton Rouge LA Metro Area,West Feliciana Parish LA
Battle Creek MI Metro Area,Calhoun MI
Bay City MI Metro Area,Bay MI
Beaumont-Port Arthur TX Metro Area,Hardin TX
Beaumont-Port Arthur TX Metro Area,Jefferson TX
Beaumont-Port Arthur TX Metro Area,Newton TX
Beaumont-Port Arthur TX Metro Area,Orange TX
Beckley WV Metro Area,Fayette WV
Beckley WV Metro Area,Raleigh WV
Bellingham WA Metro Area,Whatcom WA
Bend-Redmond OR Metro Area,Deschutes OR
Billings MT Metro Area,Carbon MT
Billings MT Metro Area,Golden Valley MT
Billings MT Metro Area,Yellowstone MT
Binghamton NY Metro Area,Broome NY
Binghamton NY Metro Area,Tioga NY
Birmingham-Hoover AL Metro Area,Bibb AL
Birmingham-Hoover AL Metro Area,Blount AL
Birmingham-Hoover AL Metro Area,Chilton AL
Birmingham-Hoover AL Metro Area,Jefferson AL
Birmingham-Hoover AL Metro Area,Shelby AL
Birmingham-Hoover AL Metro Area,St. Clair AL
Birmingham-Hoover AL Metro Area,Walker AL
Bismarck ND Metro Area,Burleigh ND
Bismarck ND Metro Area,Morton ND
Bismarck ND Metro Area,Oliver ND
Bismarck ND Metro Area,Sioux ND
Blacksburg-Christiansburg-Radford VA Metro Area,Floyd VA
Blacksburg-Christiansburg-Radford VA Metro Area,Giles VA
Blacksburg-Christiansburg-Radford VA Metro Area,Montgomery VA
Blacksburg-Christiansburg-Radford VA Metro Area,Pulaski VA
Blacksburg-Christiansburg-Radford VA Metro Area,Radford city VA
Bloomington IL Metro Area,De Witt IL
Bloomington IL Metro Area,McLean IL
Bloomington IN Metro Area,Monroe IN
Bloomington IN Metro Area,Owen IN
Bloomsburg-Berwick PA Metro Area,Columbia PA
Bloomsburg-Berwick PA Metro Area,Montour PA
Boise City ID Metro Area,Ada ID
Boise City ID Metro Area,Boise ID
Boise City ID Metro Area,Canyon ID
Boise City ID Metro Area,Gem ID
Boise City ID Metro Area,Owyhee ID
Boston-Cambridge-Newton MA-NH Metro Area,Essex MA
Boston-Cambridge-Newton MA-NH Metro Area,Middlesex MA
Boston-Cambridge-Newton MA-NH Metro Area,Norfolk MA
Boston-Cambridge-Newton MA-NH Metro Area,Plymouth MA
Boston-Cambridge-Newton MA-NH Metro Area,Rockingham NH
Boston-Cambridge-Newton MA-NH Metro Area,Strafford NH
Boston-Cambridge-Newton MA-NH Metro Area,Suffolk MA
Boulder CO Metro Area,Boulder CO
Bowling Green KY Metro Area,Allen KY
Bowling Green KY Metro Area,Butler KY
Bowling Green KY Metro Area,Edmonson KY
Bowling Green KY Metro Area,Warren KY
Bremerton-Silverdale WA Metro Area,Kitsap WA
Bridgeport-Stamford-Norwalk CT Metro Area,Fairfield CT
Brownsville-Harlingen TX Metro Area,Cameron TX
Brunswick GA Metro Area,Brantley GA
Brunswick GA Metro Area,Glynn GA
Brunswick GA Metro Area,McIntosh GA
Buffalo-Cheektowaga-Niagara Falls NY Metro Area,Erie NY
Buffalo-Cheektowaga-Niagara Falls NY Metro Area,Niagara NY
Burlington NC Metro Area,Alamance NC
Burlington-South Burlington VT Metro Area,Chittenden VT
Burlington-South Burlington VT Metro Area,Franklin VT
Burlington-South Burlington VT Metro Area,Grand Isle VT
California-Lexington Park MD Metro Area,St. Marys MD
Canton-Massillon OH Metro Area,Carroll OH
Canton-Massillon OH Metro Area,Stark OH
Cape Coral-Fort Myers FL Metro Area,Lee FL
Cape Girardeau MO-IL Metro Area,Alexander IL
Cape Girardeau MO-IL Metro Area,Bollinger MO
Cape Girardeau MO-IL Metro Area,Cape Girardeau MO
Carbondale-Marion IL Metro Area,Jackson IL
Carbondale-Marion IL Metro Area,Williamson IL
Carson City NV Metro Area,Carson City NV
Casper WY Metro Area,Natrona WY
Cedar Rapids IA Metro Area,Benton IA
Cedar Rapids IA Metro Area,Jones IA
Cedar Rapids IA Metro Area,Linn IA
Chambersburg-Waynesboro PA Metro Area,Franklin PA
Champaign-Urbana IL Metro Area,Champaign IL
Champaign-Urbana IL Metro Area,Ford IL
Champaign-Urbana IL Metro Area,Piatt IL
Charleston WV Metro Area,Boone WV
Charleston WV Metro Area,Clay WV
Charleston WV Metro Area,Kanawha WV
Charleston-North Charleston SC Metro Area,Berkeley SC
Charleston-North Charleston SC Metro Area,Charleston SC
Charleston-North Charleston SC Metro Area,Dorchester SC
Charlotte-Concord-Gastonia NC-SC Metro Area,Cabarrus NC
Charlotte-Concord-Gastonia NC-SC Metro Area,Chester SC
Charlotte-Concord-Gastonia NC-SC Metro Area,Gaston NC
Charlotte-Concord-Gastonia NC-SC Metro Area,Iredell NC
Charlotte-Concord-Gastonia NC-SC Metro Area,Lancaster SC
Charlotte-Concord-Gastonia NC-SC Metro Area,Lincoln NC
Charlotte-Concord-Gastonia NC-SC Metro Area,Mecklenburg NC
Charlotte-Concord-Gastonia NC-SC Metro Area,Rowan NC
Charlotte-Concord-Gastonia NC-SC Metro Area,Union NC
Charlotte-Concord-Gastonia NC-SC Metro Area,York SC
Charlottesville VA Metro Area,Albemarle VA
Charlottesville VA Metro Area,Buckingham VA
Charlottesville VA Metro Area,Charlottesville city VA
Charlottesville VA Metro Area,Fluvanna VA
Charlottesville VA Metro Area,Greene VA
Charlottesville VA Metro Area,Nelson VA
Chattanooga TN-GA Metro Area,Catoosa GA
Chattanooga TN-GA Metro Area,Dade GA
Chattanooga TN-GA Metro Area,Hamilton TN
Chattanooga TN-GA Metro Area,Marion TN
Chattanooga TN-GA Metro Area,Sequatchie TN
Chattanooga TN-GA Metro Area,Walker GA
Cheyenne WY Metro Area,Laramie WY
Chicago-Naperville-Elgin IL-IN-WI Metro Area,Cook IL
Chicago-Naperville-Elgin IL-IN-WI Metro Area,DeKalb IL
Chicago-Naperville-Elgin IL-IN-WI Metro Area,DuPage IL
Chicago-Naperville-Elgin IL-IN-WI Metro Area,Grundy IL
Chicago-Naperville-Elgin IL-IN-WI Metro Area,Jasper IN
Chicago-Naperville-Elgin IL-IN-WI Metro Area,Kane IL
Chicago-Naperville-Elgin IL-IN-WI Metro Area,Kendall IL
Chicago-Naperville-Elgin IL-IN-WI Metro Area,Kenosha WI
Chicago-Naperville-Elgin IL-IN-WI Metro Area,Lake IL
Chicago-Naperville-Elgin IL-IN-WI Metro Area,Lake IN
Chicago-Naperville-Elgin IL-IN-WI Metro Area,McHenry IL
Chicago-Naperville-Elgin IL-IN-WI Metro Area,Newton IN
Chicago-Naperville-Elgin IL-IN-WI Metro Area,Porter IN
Chicago-Naperville-Elgin IL-IN-WI Metro Area,Will IL
Chico CA Metro Area,Butte CA
Cincinnati OH-KY-IN Metro Area,Boone KY
Cincinnati OH-KY-IN Metro Area,Bracken KY
Cincinnati OH-KY-IN Metro Area,Brown OH
Cincinnati OH-KY-IN Metro Area,Butler OH
Cincinnati OH-KY-IN Metro Area,Campbell KY
Cincinnati OH-KY-IN Metro Area,Clermont OH
Cincinnati OH-KY-IN Metro Area,Dearborn IN
Cincinnati OH-KY-IN Metro Area,Gallatin KY
Cincinnati OH-KY-IN Metro Area,Grant KY
Cincinnati OH-KY-IN Metro Area,Hamilton OH
Cincinnati OH-KY-IN Metro Area,Kenton KY
Cincinnati OH-KY-IN Metro Area,Ohio IN
Cincinnati OH-KY-IN Metro Area,Pendleton KY
Cincinnati OH-KY-IN Metro Area,Union IN
Cincinnati OH-KY-IN Metro Area,Warren OH
Clarksville TN-KY Metro Area,Christian KY
Clarksville TN-KY Metro Area,Montgomery TN
Clarksville TN-KY Metro Area,Trigg KY
Cleveland TN Metro Area,Bradley TN
Cleveland TN Metro Area,Polk TN
Cleveland-Elyria OH Metro Area,Cuyahoga OH
Cleveland-Elyria OH Metro Area,Geauga OH
Cleveland-Elyria OH Metro Area,Lake OH
Cleveland-Elyria OH Metro Area,Lorain OH
Cleveland-Elyria OH Metro Area,Medina OH
Coeur d'Alene ID Metro Area,Kootenai ID
College Station-Bryan TX Metro Area,Brazos TX
College Station-Bryan TX Metro Area,Burleson TX
College Station-Bryan TX Metro Area,Robertson TX
Colorado Springs CO Metro Area,El Paso CO
Colorado Springs CO Metro Area,Teller CO
Columbia MO Metro Area,Boone MO
Columbia SC Metro Area,Calhoun SC
Columbia SC Metro Area,Fairfield SC
Columbia SC Metro Area,Kershaw SC
Columbia SC Metro Area,Lexington SC
Columbia SC Metro Area,Richland SC
Columbia SC Metro Area,Saluda SC
Columbus GA-AL Metro Area,Chattahoochee GA
Columbus GA-AL Metro Area,Harris GA
Columbus GA-AL Metro Area,Marion GA
Columbus GA-AL Metro Area,Muscogee GA
Columbus GA-AL Metro Area,Russell AL
Columbus IN Metro Area,Bartholomew IN
Columbus OH Metro Area,Delaware OH
Columbus OH Metro Area,Fairfield OH
Columbus OH Metro Area,Franklin OH
Columbus OH Metro Area,Hocking OH
Columbus OH Metro Area,Licking OH
Columbus OH Metro Area,Madison OH
Columbus OH Metro Area,Morrow OH
Columbus OH Metro Area,Perry OH
Columbus OH Metro Area,Pickaway OH
Columbus OH Metro Area,Union OH
Corpus Christi TX Metro Area,Aransas TX
Corpus Christi TX Metro Area,Nueces TX
Corpus Christi TX Metro Area,San Patricio TX
Corvallis OR Metro Area,Benton OR
Crestview-Fort Walton Beach-Destin FL Metro Area,Okaloosa FL
Crestview-Fort Walton Beach-Destin FL Metro Area,Walton FL
Cumberland MD-WV Metro Area,Allegany MD
Cumberland MD-WV Metro Area,Mineral WV
Dallas-Fort Worth-Arlington TX Metro Area,Collin TX
Dallas-Fort Worth-Arlington TX Metro Area,Dallas TX
Dallas-Fort Worth-Arlington TX Metro Area,Denton TX
Dallas-Fort Worth-Arlington TX Metro Area,Ellis TX
Dallas-Fort Worth-Arlington TX Metro Area,Hood TX
Dallas-Fort Worth-Arlington TX Metro Area,Hunt TX
Dallas-Fort Worth-Arlington TX Metro Area,Johnson TX
Dallas-Fort Worth-Arlington TX Metro Area,Kaufman TX
Dallas-Fort Worth-Arlington TX Metro Area,Parker TX
Dallas-Fort Worth-Arlington TX Metro Area,Rockwall TX
Dallas-Fort Worth-Arlington TX Metro Area,Somervell TX
Dallas-Fort Worth-Arlington TX Metro Area,Tarrant TX
Dallas-Fort Worth-Arlington TX Metro Area,Wise TX
Dalton GA Metro Area,Murray GA
Dalton GA Metro Area,Whitfield GA
Danville IL Metro Area,Vermilion IL
Daphne-Fairhope-Foley AL Metro Area,Baldwin AL
Davenport-Moline-Rock Island IA-IL Metro Area,Henry IL
Davenport-Moline-Rock Island IA-IL Metro Area,Mercer IL
Davenport-Moline-Rock Island IA-IL Metro Area,Rock Island IL
Davenport-Moline-Rock Island IA-IL Metro Area,Scott IA
Dayton OH Metro Area,Greene OH
Dayton OH Metro Area,Miami OH
Dayton OH Metro Area,Montgomery OH
Decatur AL Metro Area,Lawrence AL
Decatur AL Metro Area,Morgan AL
Decatur IL Metro Area,Macon IL
Deltona-Daytona Beach-Ormond Beach FL Metro Area,Flagler FL
Deltona-Daytona Beach-Ormond Beach FL Metro Area,Volusia FL
Denver-Aurora-Lakewood CO Metro Area,Adams CO
Denver-Aurora-Lakewood CO Metro Area,Arapahoe CO
Denver-Aurora-Lakewood CO Metro Area,Broomfield CO
Denver-Aurora-Lakewood CO Metro Area,Clear Creek CO
Denver-Aurora-Lakewood CO Metro Area,Denver CO
Denver-Aurora-Lakewood CO Metro Area,Douglas CO
Denver-Aurora-Lakewood CO Metro Area,Elbert CO
Denver-Aurora-Lakewood CO Metro Area,Gilpin CO
Denver-Aurora-Lakewood CO Metro Area,Jefferson CO
Denver-Aurora-Lakewood CO Metro Area,Park CO
Des Moines-West Des Moines IA Metro Area,Dallas IA
Des Moines-West Des Moines IA Metro Area,Guthrie IA
Des Moines-West Des Moines IA Metro Area,Madison IA
Des Moines-West Des Moines IA Metro Area,Polk IA
Des Moines-West Des Moines IA Metro Area,Warren IA
Detroit-Warren-Dearborn MI Metro Area,Lapeer MI
Detroit-Warren-Dearborn MI Metro Area,Livingston MI
Detroit-Warren-Dearborn MI Metro Area,Macomb MI
Detroit-Warren-Dearborn MI Metro Area,Oakland MI
Detroit-Warren-Dearborn MI Metro Area,St. Clair MI
Detroit-Warren-Dearborn MI Metro Area,Wayne MI
Dothan AL Metro Area,Geneva AL
Dothan AL Metro Area,Henry AL
Dothan AL Metro Area,Houston AL
Dover DE Metro Area,Kent DE
Dubuque IA Metro Area,Dubuque IA
Duluth MN-WI Metro Area,Carlton MN
Duluth MN-WI Metro Area,Douglas WI
Duluth MN-WI Metro Area,St. Louis MN
Durham-Chapel Hill NC Metro Area,Chatham NC
Durham-Chapel Hill NC Metro Area,Durham NC
Durham-Chapel Hill NC Metro Area,Orange NC
Durham-Chapel Hill NC Metro Area,Person NC
East Stroudsburg PA Metro Area,Monroe PA
Eau Claire WI Metro Area,Chippewa WI
Eau Claire WI Metro Area,Eau Claire WI
El Centro CA Metro Area,Imperial CA
El Paso TX Metro Area,El Paso TX
El Paso TX Metro Area,Hudspeth TX
Elizabethtown-Fort Knox KY Metro Area,Hardin KY
Elizabethtown-Fort Knox KY Metro Area,Larue KY
Elizabethtown-Fort Knox KY Metro Area,Meade KY
Elkhart-Goshen IN Metro Area,Elkhart IN
Elmira NY Metro Area,Chemung NY
Enid OK Metro Area,Garfield OK
Erie PA Metro Area,Erie PA
Eugene OR Metro Area,Lane OR
Evansville IN-KY Metro Area,Henderson KY
Evansville IN-KY Metro Area,Posey IN
Evansville IN-KY Metro Area,Vanderburgh IN
Evansville IN-KY Metro Area,Warrick IN
Fairbanks AK Metro Area,Fairbanks North Star Borough AK
Fargo ND-MN Metro Area,Cass ND
Fargo ND-MN Metro Area,Clay MN
Farmington NM Metro Area,San Juan NM
Fayetteville NC Metro Area,Cumberland NC
Fayetteville NC Metro Area,Hoke NC
Fayetteville-Springdale-Rogers AR-MO Metro Area,Benton AR
Fayetteville-Springdale-Rogers AR-MO Metro Area,Madison AR
Fayetteville-Springdale-Rogers AR-MO Metro Area,McDonald MO
Fayetteville-Springdale-Rogers AR-MO Metro Area,Washington AR
Flagstaff AZ Metro Area,Coconino AZ
Flint MI Metro Area,Genesee MI
Florence SC Metro Area,Darlington SC
Florence SC Metro Area,Florence SC
Florence-Muscle Shoals AL Metro Area,Colbert AL
Florence-Muscle Shoals AL Metro Area,Lauderdale AL
Fond du Lac WI Metro Area,Fond du Lac WI
Fort Collins CO Metro Area,Larimer CO
Fort Smith AR-OK Metro Area,Crawford AR
Fort Smith AR-OK Metro Area,Le Flore OK
Fort Smith AR-OK Metro Area,Sebastian AR
Fort Smith AR-OK Metro Area,Sequoyah OK
Fort Wayne IN Metro Area,Allen IN
Fort Wayne IN Metro Area,Wells IN
Fort Wayne IN Metro Area,Whitley IN
Fresno CA Metro Area,Fresno CA
Gadsden AL Metro Area,Etowah AL
Gainesville FL Metro Area,Alachua FL
Gainesville FL Metro Area,Gilchrist FL
Gainesville GA Metro Area,Hall GA
Gettysburg PA Metro Area,Adams PA
Glens Falls NY Metro Area,Warren NY
Glens Falls NY Metro Area,Washington NY
Goldsboro NC Metro Area,Wayne NC
Grand Forks ND-MN Metro Area,Grand Forks ND
Grand Forks ND-MN Metro Area,Polk MN
Grand Island NE Metro Area,Hall NE
Grand Island NE Metro Area,Hamilton NE
Grand Island NE Metro Area,Howard NE
Grand Island NE Metro Area,Merrick NE
Grand Junction CO Metro Area,Mesa CO
Grand Rapids-Wyoming MI Metro Area,Barry MI
Grand Rapids-Wyoming MI Metro Area,Kent MI
Grand Rapids-Wyoming MI Metro Area,Montcalm MI
Grand Rapids-Wyoming MI Metro Area,Ottawa MI
Grants Pass OR Metro Area,Josephine OR
Great Falls MT Metro Area,Cascade MT
Greeley CO Metro Area,Weld CO
Green Bay WI Metro Area,Brown WI
Green Bay WI Metro Area,Kewaunee WI
Green Bay WI Metro Area,Oconto WI
Greensboro-High Point NC Metro Area,Guilford NC
Greensboro-High Point NC Metro Area,Randolph NC
Greensboro-High Point NC Metro Area,Rockingham NC
Greenville NC Metro Area,Pitt NC
Greenville-Anderson-Mauldin SC Metro Area,Anderson SC
Greenville-Anderson-Mauldin SC Metro Area,Greenville SC
Greenville-Anderson-Mauldin SC Metro Area,Laurens SC
Greenville-Anderson-Mauldin SC Metro Area,Pickens SC
Gulfport-Biloxi-Pascagoula MS Metro Area,Hancock MS
Gulfport-Biloxi-Pascagoula MS Metro Area,Harrison MS
Gulfport-Biloxi-Pascagoula MS Metro Area,Jackson MS
Hagerstown-Martinsburg MD-WV Metro Area,Berkeley WV
Hagerstown-Martinsburg MD-WV Metro Area,Washington MD
Hammond LA Metro Area,Tangipahoa Parish LA
Hanford-Corcoran CA Metro Area,Kings CA
Harrisburg-Carlisle PA Metro Area,Cumberland PA
Harrisburg-Carlisle PA Metro Area,Dauphin PA
Harrisburg-Carlisle PA Metro Area,Perry PA
Harrisonburg VA Metro Area,Harrisonburg city VA
Harrisonburg VA Metro Area,Rockingham VA
Hartford-West Hartford-East Hartford CT Metro Area,Hartford CT
Hartford-West Hartford-East Hartford CT Metro Area,Middlesex CT
Hartford-West Hartford-East Hartford CT Metro Area,Tolland CT
Hattiesburg MS Metro Area,Forrest MS
Hattiesburg MS Metro Area,Lamar MS
Hattiesburg MS Metro Area,Perry MS
Hickory-Lenoir-Morganton NC Metro Area,Alexander NC
Hickory-Lenoir-Morganton NC Metro Area,Burke NC
Hickory-Lenoir-Morganton NC Metro Area,Caldwell NC
Hickory-Lenoir-Morganton NC Metro Area,Catawba NC
Hilton Head Island-Bluffton-Beaufort SC Metro Area,Beaufort SC
Hilton Head Island-Bluffton-Beaufort SC Metro Area,Jasper SC
Hinesville GA Metro Area,Liberty GA
Hinesville GA Metro Area,Long GA
Homosassa Springs FL Metro Area,Citrus FL
Hot Springs AR Metro Area,Garland AR
Houma-Thibodaux LA Metro Area,Lafourche Parish LA
Houma-Thibodaux LA Metro Area,Terrebonne Parish LA
Houston-The Woodlands-Sugar Land TX Metro Area,Austin TX
Houston-The Woodlands-Sugar Land TX Metro Area,Brazoria TX
Houston-The Woodlands-Sugar Land TX Metro Area,Chambers TX
Houston-The Woodlands-Sugar Land TX Metro Area,Fort Bend TX
Houston-The Woodlands-Sugar Land TX Metro Area,Galveston TX
Houston-The Woodlands-Sugar Land TX Metro Area,Harris TX
Houston-The Woodlands-Sugar Land TX Metro Area,Liberty TX
Houston-The Woodlands-Sugar Land TX Metro Area,Montgomery TX
Houston-The Woodlands-Sugar Land TX Metro Area,Waller TX
Huntington-Ashland WV-KY-OH Metro Area,Boyd KY
Huntington-Ashland WV-KY-OH Metro Area,Cabell WV
Huntington-Ashland WV-KY-OH Metro Area,Greenup KY
Huntington-Ashland WV-KY-OH Metro Area,Lawrence OH
Huntington-Ashland WV-KY-OH Metro Area,Lincoln WV
Huntington-Ashland WV-KY-OH Metro Area,Putnam WV
Huntington-Ashland WV-KY-OH Metro Area,Wayne WV
Huntsville AL Metro Area,Limestone AL
Huntsville AL Metro Area,Madison AL
Idaho Falls ID Metro Area,Bonneville ID
Idaho Falls ID Metro Area,Butte ID
Idaho Falls ID Metro Area,Jefferson ID
Indianapolis-Carmel-Anderson IN Metro Area,Boone IN
Indianapolis-Carmel-Anderson IN Metro Area,Brown IN
Indianapolis-Carmel-Anderson IN Metro Area,Hamilton IN
Indianapolis-Carmel-Anderson IN Metro Area,Hancock IN
Indianapolis-Carmel-Anderson IN Metro Area,Hendricks IN
Indianapolis-Carmel-Anderson IN Metro Area,Johnson IN
Indianapolis-Carmel-Anderson IN Metro Area,Madison IN
Indianapolis-Carmel-Anderson IN Metro Area,Marion IN
Indianapolis-Carmel-Anderson IN Metro Area,Morgan IN
Indianapolis-Carmel-Anderson IN Metro Area,Putnam IN
Indianapolis-Carmel-Anderson IN Metro Area,Shelby IN
Iowa City IA Metro Area,Johnson IA
Iowa City IA Metro Area,Washington IA
Ithaca NY Metro Area,Tompkins NY
Jackson MI Metro Area,Jackson MI
Jackson MS Metro Area,Copiah MS
Jackson MS Metro Area,Hinds MS
Jackson MS Metro Area,Madison MS
Jackson MS Metro Area,Rankin MS
Jackson MS Metro Area,Simpson MS
Jackson MS Metro Area,Yazoo MS
Jackson TN Metro Area,Chester TN
Jackson TN Metro Area,Crockett TN
Jackson TN Metro Area,Madison TN
Jacksonville FL Metro Area,Baker FL
Jacksonville FL Metro Area,Clay FL
Jacksonville FL Metro Area,Duval FL
Jacksonville FL Metro Area,Nassau FL
Jacksonville FL Metro Area,St. Johns FL
Jacksonville NC Metro Area,Onslow NC
Janesville-Beloit WI Metro Area,Rock WI
Jefferson City MO Metro Area,Callaway MO
Jefferson City MO Metro Area,Cole MO
Jefferson City MO Metro Area,Moniteau MO
Jefferson City MO Metro Area,Osage MO
Johnson City TN Metro Area,Carter TN
Johnson City TN Metro Area,Unicoi TN
Johnson City TN Metro Area,Washington TN
Johnstown PA Metro Area,Cambria PA
Jonesboro AR Metro Area,Craighead AR
Jonesboro AR Metro Area,Poinsett AR
Joplin MO Metro Area,Jasper MO
Joplin MO Metro Area,Newton MO
Kahului-Wailuku-Lahaina HI Metro Area,Kalawao HI
Kahului-Wailuku-Lahaina HI Metro Area,Maui HI
Kalamazoo-Portage MI Metro Area,Kalamazoo MI
Kalamazoo-Portage MI Metro Area,Van Buren MI
Kankakee IL Metro Area,Kankakee IL
Kansas City MO-KS Metro Area,Bates MO
Kansas City MO-KS Metro Area,Caldwell MO
Kansas City MO-KS Metro Area,Cass MO
Kansas City MO-KS Metro Area,Clay MO
Kansas City MO-KS Metro Area,Clinton MO
Kansas City MO-KS Metro Area,Jackson MO
Kansas City MO-KS Metro Area,Johnson KS
Kansas City MO-KS Metro Area,Lafayette MO
Kansas City MO-KS Metro Area,Leavenworth KS
Kansas City MO-KS Metro Area,Linn KS
Kansas City MO-KS Metro Area,Miami KS
Kansas City MO-KS Metro Area,Platte MO
Kansas City MO-KS Metro Area,Ray MO
Kansas City MO-KS Metro Area,Wyandotte KS
Kennewick-Richland WA Metro Area,Benton WA
Kennewick-Richland WA Metro Area,Franklin WA
Killeen-Temple TX Metro Area,Bell TX
Killeen-Temple TX Metro Area,Coryell TX
Killeen-Temple TX Metro Area,Lampasas TX
Kingsport-Bristol-Bristol TN-VA Metro Area,Bristol city VA
Kingsport-Bristol-Bristol TN-VA Metro Area,Hawkins TN
Kingsport-Bristol-Bristol TN-VA Metro Area,Scott VA
Kingsport-Bristol-Bristol TN-VA Metro Area,Sullivan TN
Kingsport-Bristol-Bristol TN-VA Metro Area,Washington VA
Kingston NY Metro Area,Ulster NY
Knoxville TN Metro Area,Anderson TN
Knoxville TN Metro Area,Blount TN
Knoxville TN Metro Area,Campbell TN
Knoxville TN Metro Area,Grainger TN
Knoxville TN Metro Area,Knox TN
Knoxville TN Metro Area,Loudon TN
Knoxville TN Metro Area,Morgan TN
Knoxville TN Metro Area,Roane TN
Knoxville TN Metro Area,Union TN
Kokomo IN Metro Area,Howard IN
La Crosse-Onalaska WI-MN Metro Area,Houston MN
La Crosse-Onalaska WI-MN Metro Area,La Crosse WI
Lafayette LA Metro Area,Acadia Parish LA
Lafayette LA Metro Area,Iberia Parish LA
Lafayette LA Metro Area,Lafayette Parish LA
Lafayette LA Metro Area,St. Martin Parish LA
Lafayette LA Metro Area,Vermilion Parish LA
Lafayette-West Lafayette IN Metro Area,Benton IN
Lafayette-West Lafayette IN Metro Area,Carroll IN
Lafayette-West Lafayette IN Metro Area,Tippecanoe IN
Lake Charles LA Metro Area,Calcasieu Parish LA
Lake Charles LA Metro Area,Cameron Parish LA
Lake Havasu City-Kingman AZ Metro Area,Mohave AZ
Lakeland-Winter Haven FL Metro Area,Polk FL
Lancaster PA Metro Area,Lancaster PA
Lansing-East Lansing MI Metro Area,Clinton MI
Lansing-East Lansing MI Metro Area,Eaton MI
Lansing-East Lansing MI Metro Area,Ingham MI
Laredo TX Metro Area,Webb TX
Las Cruces NM Metro Area,Dona Ana NM
Las Vegas-Henderson-Paradise NV Metro Area,Clark NV
Lawrence KS Metro Area,Douglas KS
Lawton OK Metro Area,Comanche OK
Lawton OK Metro Area,Cotton OK
Lebanon PA Metro Area,Lebanon PA
Lewiston ID-WA Metro Area,Asotin WA
Lewiston ID-WA Metro Area,Nez Perce ID
Lewiston-Auburn ME Metro Area,Androscoggin ME
Lexington-Fayette KY Metro Area,Bourbon KY
Lexington-Fayette KY Metro Area,Clark KY
Lexington-Fayette KY Metro Area,Fayette KY
Lexington-Fayette KY Metro Area,Jessamine KY
Lexington-Fayette KY Metro Area,Scott KY
Lexington-Fayette KY Metro Area,Woodford KY
Lima OH Metro Area,Allen OH
Lincoln NE Metro Area,Lancaster NE
Lincoln NE Metro Area,Seward NE
Little Rock-North Little Rock-Conway AR Metro Area,Faulkner AR
Little Rock-North Little Rock-Conway AR Metro Area,Grant AR
Little Rock-North Little Rock-Conway AR Metro Area,Lonoke AR
Little Rock-North Little Rock-Conway AR Metro Area,Perry AR
Little Rock-North Little Rock-Conway AR Metro Area,Pulaski AR
Little Rock-North Little Rock-Conway AR Metro Area,Saline AR
Logan UT-ID Metro Area,Cache UT
Logan UT-ID Metro Area,Franklin ID
Longview TX Metro Area,Gregg TX
Longview TX Metro Area,Rusk TX
Longview TX Metro Area,Upshur TX
Longview WA Metro Area,Cowlitz WA
Los Angeles-Long Beach-Anaheim CA Metro Area,Los Angeles CA
Los Angeles-Long Beach-Anaheim CA Metro Area,Orange CA
Louisville/Jefferson County KY-IN Metro Area,Bullitt KY
Louisville/Jefferson County KY-IN Metro Area,Clark IN
Louisville/Jefferson County KY-IN Metro Area,Floyd IN
Louisville/Jefferson County KY-IN Metro Area,Harrison IN
Louisville/Jefferson County KY-IN Metro Area,Henry KY
Louisville/Jefferson County KY-IN Metro Area,Jefferson KY
Louisville/Jefferson County KY-IN Metro Area,Oldham KY
Louisville/Jefferson County KY-IN Metro Area,Scott IN
Louisville/Jefferson County KY-IN Metro Area,Shelby KY
Louisville/Jefferson County KY-IN Metro Area,Spencer KY
Louisville/Jefferson County KY-IN Metro Area,Trimble KY
Louisville/Jefferson County KY-IN Metro Area,Washington IN
Lubbock TX Metro Area,Crosby TX
Lubbock TX Metro Area,Lubbock TX
Lubbock TX Metro Area,Lynn TX
Lynchburg VA Metro Area,Amherst VA
Lynchburg VA Metro Area,Appomattox VA
Lynchburg VA Metro Area,Bedford VA
Lynchburg VA Metro Area,Campbell VA
Lynchburg VA Metro Area,Lynchburg city VA
Macon GA Metro Area,Bibb GA
Macon GA Metro Area,Crawford GA
Macon GA Metro Area,Jones GA
Macon GA Metro Area,Monroe GA
Macon GA Metro Area,Twiggs GA
Madera CA Metro Area,Madera CA
Madison WI Metro Area,Columbia WI
Madison WI Metro Area,Dane WI
Madison WI Metro Area,Green WI
Madison WI Metro Area,Iowa WI
Manchester-Nashua NH Metro Area,Hillsborough NH
Manhattan KS Metro Area,Pottawatomie KS
Manhattan KS Metro Area,Riley KS
Mankato-North Mankato MN Metro Area,Blue Earth MN
Mankato-North Mankato MN Metro Area,Nicollet MN
Mansfield OH Metro Area,Richland OH
McAllen-Edinburg-Mission TX Metro Area,Hidalgo TX
Medford OR Metro Area,Jackson OR
Memphis TN-MS-AR Metro Area,Benton MS
Memphis TN-MS-AR Metro Area,Crittenden AR
Memphis TN-MS-AR Metro Area,DeSoto MS
Memphis TN-MS-AR Metro Area,Fayette TN
Memphis TN-MS-AR Metro Area,Marshall MS
Memphis TN-MS-AR Metro Area,Shelby TN
Memphis TN-MS-AR Metro Area,Tate MS
Memphis TN-MS-AR Metro Area,Tipton TN
Memphis TN-MS-AR Metro Area,Tunica MS
Merced CA Metro Area,Merced CA
Miami-Fort Lauderdale-West Palm Beach FL Metro Area,Broward FL
Miami-Fort Lauderdale-West Palm Beach FL Metro Area,Miami-Dade FL
Miami-Fort Lauderdale-West Palm Beach FL Metro Area,Palm Beach FL
Michigan City-La Porte IN Metro Area,La Porte IN
Midland MI Metro Area,Midland MI
Midland TX Metro Area,Martin TX
Midland TX Metro Area,Midland TX
Milwaukee-Waukesha-West Allis WI Metro Area,Milwaukee WI
Milwaukee-Waukesha-West Allis WI Metro Area,Ozaukee WI
Milwaukee-Waukesha-West Allis WI Metro Area,Washington WI
Milwaukee-Waukesha-West Allis WI Metro Area,Waukesha WI
Minneapolis-St. Paul-Bloomington MN-WI Metro Area,Anoka MN
Minneapolis-St. Paul-Bloomington MN-WI Metro Area,Carver MN
Minneapolis-St. Paul-Bloomington MN-WI Metro Area,Chisago MN
Minneapolis-St. Paul-Bloomington MN-WI Metro Area,Dakota MN
Minneapolis-St. Paul-Bloomington MN-WI Metro Area,Hennepin MN
Minneapolis-St. Paul-Bloomington MN-WI Metro Area,Isanti MN
Minneapolis-St. Paul-Bloomington MN-WI Metro Area,Le Sueur MN
Minneapolis-St. Paul-Bloomington MN-WI Metro Area,Mille Lacs MN
Minneapolis-St. Paul-Bloomington MN-WI Metro Area,Pierce WI
Minneapolis-St. Paul-Bloomington MN-WI Metro Area,Ramsey MN
Minneapolis-St. Paul-Bloomington MN-WI Metro Area,Scott MN
Minneapolis-St. Paul-Bloomington MN-WI Metro Area,Sherburne MN
Minneapolis-St. Paul-Bloomington MN-WI Metro Area,Sibley MN
Minneapolis-St. Paul-Bloomington MN-WI Metro Area,St. Croix WI
Minneapolis-St. Paul-Bloomington MN-WI Metro Area,Washington MN
Minneapolis-St. Paul-Bloomington MN-WI Metro Area,Wright MN
Missoula MT Metro Area,Missoula MT
Mobile AL Metro Area,Mobile AL
Modesto CA Metro Area,Stanislaus CA
Monroe LA Metro Area,Ouachita Parish LA
Monroe LA Metro Area,Union Parish LA
Monroe MI Metro Area,Monroe MI
Montgomery AL Metro Area,Autauga AL
Montgomery AL Metro Area,Elmore AL
Montgomery AL Metro Area,Lowndes AL
Montgomery AL Metro Area,Montgomery AL
Morgantown WV Metro Area,Monongalia WV
Morgantown WV Metro Area,Preston WV
Morristown TN Metro Area,Hamblen TN
Morristown TN Metro Area,Jefferson TN
Mount Vernon-Anacortes WA Metro Area,Skagit WA
Muncie IN Metro Area,Delaware IN
Muskegon MI Metro Area,Muskegon MI
Myrtle Beach-Conway-North Myrtle Beach SC-NC Metro Area,Brunswick NC
Myrtle Beach-Conway-North Myrtle Beach SC-NC Metro Area,Horry SC
Napa CA Metro Area,Napa CA
Naples-Immokalee-Marco Island FL Metro Area,Collier FL
Nashville-Davidson--Murfreesboro--Franklin TN Metro Area,Cannon TN
Nashville-Davidson--Murfreesboro--Franklin TN Metro Area,Cheatham TN
Nashville-Davidson--Murfreesboro--Franklin TN Metro Area,Davidson TN
Nashville-Davidson--Murfreesboro--Franklin TN Metro Area,Dickson TN
Nashville-Davidson--Murfreesboro--Franklin TN Metro Area,Hickman TN
Nashville-Davidson--Murfreesboro--Franklin TN Metro Area,Macon TN
Nashville-Davidson--Murfreesboro--Franklin TN Metro Area,Maury TN
Nashville-Davidson--Murfreesboro--Franklin TN Metro Area,Robertson TN
Nashville-Davidson--Murfreesboro--Franklin TN Metro Area,Rutherford TN
Nashville-Davidson--Murfreesboro--Franklin TN Metro Area,Smith TN
Nashville-Davidson--Murfreesboro--Franklin TN Metro Area,Sumner TN
Nashville-Davidson--Murfreesboro--Franklin TN Metro Area,Trousdale TN
Nashville-Davidson--Murfreesboro--Franklin TN Metro Area,Williamson TN
Nashville-Davidson--Murfreesboro--Franklin TN Metro Area,Wilson TN
New Bern NC Metro Area,Craven NC
New Bern NC Metro Area,Jones NC
New Bern NC Metro Area,Pamlico NC
New Haven-Milford CT Metro Area,New Haven CT
New Orleans-Metairie LA Metro Area,Jefferson Parish LA
New Orleans-Metairie LA Metro Area,Orleans Parish LA
New Orleans-Metairie LA Metro Area,Plaquemines Parish LA
New Orleans-Metairie LA Metro Area,St. Bernard Parish LA
New Orleans-Metairie LA Metro Area,St. Charles Parish LA
New Orleans-Metairie LA Metro Area,St. James Parish LA
New Orleans-Metairie LA Metro Area,St. John the Baptist Parish LA
New Orleans-Metairie LA Metro Area,St. Tammany Parish LA
New York-Newark-Jersey City NY-NJ-PA Metro Area,Bergen NJ
New York-Newark-Jersey City NY-NJ-PA Metro Area,Bronx NY
New York-Newark-Jersey City NY-NJ-PA Metro Area,Dutchess NY
New York-Newark-Jersey City NY-NJ-PA Metro Area,Essex NJ
New York-Newark-Jersey City NY-NJ-PA Metro Area,Hudson NJ
New York-Newark-Jersey City NY-NJ-PA Metro Area,Hunterdon NJ
New York-Newark-Jersey City NY-NJ-PA Metro Area,Kings NY
New York-Newark-Jersey City NY-NJ-PA Metro Area,Middlesex NJ
New York-Newark-Jersey City NY-NJ-PA Metro Area,Monmouth NJ
New York-Newark-Jersey City NY-NJ-PA Metro Area,Morris NJ
New York-Newark-Jersey City NY-NJ-PA Metro Area,Nassau NY
New York-Newark-Jersey City NY-NJ-PA Metro Area,New York NY
New York-Newark-Jersey City NY-NJ-PA Metro Area,Ocean NJ
New York-Newark-Jersey City NY-NJ-PA Metro Area,Orange NY
New York-Newark-Jersey City NY-NJ-PA Metro Area,Passaic NJ
New York-Newark-Jersey City NY-NJ-PA Metro Area,Pike PA
New York-Newark-Jersey City NY-NJ-PA Metro Area,Putnam NY
New York-Newark-Jersey City NY-NJ-PA Metro Area,Queens NY
New York-Newark-Jersey City NY-NJ-PA Metro Area,Richmond NY
New York-Newark-Jersey City NY-NJ-PA Metro Area,Rockland NY
New York-Newark-Jersey City NY-NJ-PA Metro Area,Somerset NJ
New York-Newark-Jersey City NY-NJ-PA Metro Area,Suffolk NY
New York-Newark-Jersey City NY-NJ-PA Metro Area,Sussex NJ
New York-Newark-Jersey City NY-NJ-PA Metro Area,Union NJ
New York-Newark-Jersey City NY-NJ-PA Metro Area,Westchester NY
Niles-Benton Harbor MI Metro Area,Berrien MI
North Port-Sarasota-Bradenton FL Metro Area,Manatee FL
North Port-Sarasota-Bradenton FL Metro Area,Sarasota FL
Norwich-New London CT Metro Area,New London CT
Ocala FL Metro Area,Marion FL
Ocean City NJ Metro Area,Cape May NJ
Odessa TX Metro Area,Ector TX
Ogden-Clearfield UT Metro Area,Box Elder UT
Ogden-Clearfield UT Metro Area,Davis UT
Ogden-Clearfield UT Metro Area,Morgan UT
Ogden-Clearfield UT Metro Area,Weber UT
Oklahoma City OK Metro Area,Canadian OK
Oklahoma City OK Metro Area,Cleveland OK
Oklahoma City OK Metro Area,Grady OK
Oklahoma City OK Metro Area,Lincoln OK
Oklahoma City OK Metro Area,Logan OK
Oklahoma City OK Metro Area,McClain OK
Oklahoma City OK Metro Area,Oklahoma OK
Olympia-Tumwater WA Metro Area,Thurston WA
Omaha-Council Bluffs NE-IA Metro Area,Cass NE
Omaha-Council Bluffs NE-IA Metro Area,Douglas NE
Omaha-Council Bluffs NE-IA Metro Area,Harrison IA
Omaha-Council Bluffs NE-IA Metro Area,Mills IA
Omaha-Council Bluffs NE-IA Metro Area,Pottawattamie IA
Omaha-Council Bluffs NE-IA Metro Area,Sarpy NE
Omaha-Council Bluffs NE-IA Metro Area,Saunders NE
Omaha-Council Bluffs NE-IA Metro Area,Washington NE
Orlando-Kissimmee-Sanford FL Metro Area,Lake FL
Orlando-Kissimmee-Sanford FL Metro Area,Orange FL
Orlando-Kissimmee-Sanford FL Metro Area,Osceola FL
Orlando-Kissimmee-Sanford FL Metro Area,Seminole FL
Oshkosh-Neenah WI Metro Area,Winnebago WI
Owensboro KY Metro Area,Daviess KY
Owensboro KY Metro Area,Hancock KY
Owensboro KY Metro Area,McLean KY
Oxnard-Thousand Oaks-Ventura CA Metro Area,Ventura CA
Palm Bay-Melbourne-Titusville FL Metro Area,Brevard FL
Panama City FL Metro Area,Bay FL
Panama City FL Metro Area,Gulf FL
Parkersburg-Vienna WV Metro Area,Wirt WV
Parkersburg-Vienna WV Metro Area,Wood WV
Pensacola-Ferry Pass-Brent FL Metro Area,Escambia FL
Pensacola-Ferry Pass-Brent FL Metro Area,Santa Rosa FL
Peoria IL Metro Area,Marshall IL
Peoria IL Metro Area,Peoria IL
Peoria IL Metro Area,Stark IL
Peoria IL Metro Area,Tazewell IL
Peoria IL Metro Area,Woodford IL
Philadelphia-Camden-Wilmington PA-NJ-DE-MD Metro Area,Bucks PA
Philadelphia-Camden-Wilmington PA-NJ-DE-MD Metro Area,Burlington NJ
Philadelphia-Camden-Wilmington PA-NJ-DE-MD Metro Area,Camden NJ
Philadelphia-Camden-Wilmington PA-NJ-DE-MD Metro Area,Cecil MD
Philadelphia-Camden-Wilmington PA-NJ-DE-MD Metro Area,Chester PA
Philadelphia-Camden-Wilmington PA-NJ-DE-MD Metro Area,Delaware PA
Philadelphia-Camden-Wilmington PA-NJ-DE-MD Metro Area,Gloucester NJ
Philadelphia-Camden-Wilmington PA-NJ-DE-MD Metro Area,Montgomery PA
Philadelphia-Camden-Wilmington PA-NJ-DE-MD Metro Area,New Castle DE
Philadelphia-Camden-Wilmington PA-NJ-DE-MD Metro Area,Philadelphia PA
Philadelphia-Camden-Wilmington PA-NJ-DE-MD Metro Area,Salem NJ
Phoenix-Mesa-Scottsdale AZ Metro Area,Maricopa AZ
Phoenix-Mesa-Scottsdale AZ Metro Area,Pinal AZ
Pine Bluff AR Metro Area,Cleveland AR
Pine Bluff AR Metro Area,Jefferson AR
Pine Bluff AR Metro Area,Lincoln AR
Pittsburgh PA Metro Area,Allegheny PA
Pittsburgh PA Metro Area,Armstrong PA
Pittsburgh PA Metro Area,Beaver PA
Pittsburgh PA Metro Area,Butler PA
Pittsburgh PA Metro Area,Fayette PA
Pittsburgh PA Metro Area,Washington PA
Pittsburgh PA Metro Area,Westmoreland PA
Pittsfield MA Metro Area,Berkshire MA
Pocatello ID Metro Area,Bannock ID
Port St. Lucie FL Metro Area,Martin FL
Port St. Lucie FL Metro Area,St. Lucie FL
Portland-South Portland ME Metro Area,Cumberland ME
Portland-South Portland ME Metro Area,Sagadahoc ME
Portland-South Portland ME Metro Area,York ME
Portland-Vancouver-Hillsboro OR-WA Metro Area,Clackamas OR
Portland-Vancouver-Hillsboro OR-WA Metro Area,Clark WA
Portland-Vancouver-Hillsboro OR-WA Metro Area,Columbia OR
Portland-Vancouver-Hillsboro OR-WA Metro Area,Multnomah OR
Portland-Vancouver-Hillsboro OR-WA Metro Area,Skamania WA
Portland-Vancouver-Hillsboro OR-WA Metro Area,Washington OR
Portland-Vancouver-Hillsboro OR-WA Metro Area,Yamhill OR
Prescott AZ Metro Area,Yavapai AZ
Providence-Warwick RI-MA Metro Area,Bristol MA
Providence-Warwick RI-MA Metro Area,Bristol RI
Providence-Warwick RI-MA Metro Area,Kent RI
Providence-Warwick RI-MA Metro Area,Newport RI
Providence-Warwick RI-MA Metro Area,Providence RI
Providence-Warwick RI-MA Metro Area,Washington RI
Provo-Orem UT Metro Area,Juab UT
Provo-Orem UT Metro Area,Utah UT
Pueblo CO Metro Area,Pueblo CO
Punta Gorda FL Metro Area,Charlotte FL
Racine WI Metro Area,Racine WI
Raleigh NC Metro Area,Franklin NC
Raleigh NC Metro Area,Johnston NC
Raleigh NC Metro Area,Wake NC
Rapid City SD Metro Area,Custer SD
Rapid City SD Metro Area,Meade SD
Rapid City SD Metro Area,Pennington SD
Reading PA Metro Area,Berks PA
Redding CA Metro Area,Shasta CA
Reno NV Metro Area,Storey NV
Reno NV Metro Area,Washoe NV
Richmond VA Metro Area,Amelia VA
Richmond VA Metro Area,Caroline VA
Richmond VA Metro Area,Charles City VA
Richmond VA Metro Area,Chesterfield VA
Richmond VA Metro Area,Colonial Heights city VA
Richmond VA Metro Area,Dinwiddie VA
Richmond VA Metro Area,Goochland VA
Richmond VA Metro Area,Hanover VA
Richmond VA Metro Area,Henrico VA
Richmond VA Metro Area,Hopewell city VA
Richmond VA Metro Area,King William VA
Richmond VA Metro Area,New Kent VA
Richmond VA Metro Area,Petersburg city VA
Richmond VA Metro Area,Powhatan VA
Richmond VA Metro Area,Prince George VA
Richmond VA Metro Area,Richmond city VA
Richmond VA Metro Area,Sussex VA
Riverside-San Bernardino-Ontario CA Metro Area,Riverside CA
Riverside-San Bernardino-Ontario CA Metro Area,San Bernardino CA
Roanoke VA Metro Area,Botetourt VA
Roanoke VA Metro Area,Craig VA
Roanoke VA Metro Area,Franklin VA
Roanoke VA Metro Area,Roanoke city VA
Roanoke VA Metro Area,Roanoke VA
Roanoke VA Metro Area,Salem city VA
Rochester MN Metro Area,Dodge MN
Rochester MN Metro Area,Fillmore MN
Rochester MN Metro Area,Olmsted MN
Rochester MN Metro Area,Wabasha MN
Rochester NY Metro Area,Livingston NY
Rochester NY Metro Area,Monroe NY
Rochester NY Metro Area,Ontario NY
Rochester NY Metro Area,Orleans NY
Rochester NY Metro Area,Wayne NY
Rochester NY Metro Area,Yates NY
Rockford IL Metro Area,Boone IL
Rockford IL Metro Area,Winnebago IL
Rocky Mount NC Metro Area,Edgecombe NC
Rocky Mount NC Metro Area,Nash NC
Rome GA Metro Area,Floyd GA
Sacramento--Roseville--Arden-Arcade CA Metro Area,El Dorado CA
Sacramento--Roseville--Arden-Arcade CA Metro Area,Placer CA
Sacramento--Roseville--Arden-Arcade CA Metro Area,Sacramento CA
Sacramento--Roseville--Arden-Arcade CA Metro Area,Yolo CA
Saginaw MI Metro Area,Saginaw MI
Salem OR Metro Area,Marion OR
Salem OR Metro Area,Polk OR
Salinas CA Metro Area,Monterey CA
Salisbury MD-DE Metro Area,Somerset MD
Salisbury MD-DE Metro Area,Sussex DE
Salisbury MD-DE Metro Area,Wicomico MD
Salisbury MD-DE Metro Area,Worcester MD
Salt Lake City UT Metro Area,Salt Lake UT
Salt Lake City UT Metro Area,Tooele UT
San Angelo TX Metro Area,Irion TX
San Angelo TX Metro Area,Tom Green TX
San Antonio-New Braunfels TX Metro Area,Atascosa TX
San Antonio-New Braunfels TX Metro Area,Bandera TX
San Antonio-New Braunfels TX Metro Area,Bexar TX
San Antonio-New Braunfels TX Metro Area,Comal TX
San Antonio-New Braunfels TX Metro Area,Guadalupe TX
San Antonio-New Braunfels TX Metro Area,Kendall TX
San Antonio-New Braunfels TX Metro Area,Medina TX
San Antonio-New Braunfels TX Metro Area,Wilson TX
San Diego-Carlsbad CA Metro Area,San Diego CA
San Francisco-Oakland-Hayward CA Metro Area,Alameda CA
San Francisco-Oakland-Hayward CA Metro Area,Contra Costa CA
San Francisco-Oakland-Hayward CA Metro Area,Marin CA
San Francisco-Oakland-Hayward CA Metro Area,San Francisco CA
San Francisco-Oakland-Hayward CA Metro Area,San Mateo CA
San Jose-Sunnyvale-Santa Clara CA Metro Area,San Benito CA
San Jose-Sunnyvale-Santa Clara CA Metro Area,Santa Clara CA
San Luis Obispo-Paso Robles-Arroyo Grande CA Metro Area,San Luis Obispo CA
Santa Cruz-Watsonville CA Metro Area,Santa Cruz CA
Santa Fe NM Metro Area,Santa Fe NM
Santa Maria-Santa Barbara CA Metro Area,Santa Barbara CA
Santa Rosa CA Metro Area,Sonoma CA
Savannah GA Metro Area,Bryan GA
Savannah GA Metro Area,Chatham GA
Savannah GA Metro Area,Effingham GA
Scranton--Wilkes-Barre--Hazleton PA Metro Area,Lackawanna PA
Scranton--Wilkes-Barre--Hazleton PA Metro Area,Luzerne PA
Scranton--Wilkes-Barre--Hazleton PA Metro Area,Wyoming PA
Seattle-Tacoma-Bellevue WA Metro Area,King WA
Seattle-Tacoma-Bellevue WA Metro Area,Pierce WA
Seattle-Tacoma-Bellevue WA Metro Area,Snohomish WA
Sebastian-Vero Beach FL Metro Area,Indian River FL
Sebring FL Metro Area,Highlands FL
Sheboygan WI Metro Area,Sheboygan WI
Sherman-Denison TX Metro Area,Grayson TX
Shreveport-Bossier City LA Metro Area,Bossier Parish LA
Shreveport-Bossier City LA Metro Area,Caddo Parish LA
Shreveport-Bossier City LA Metro Area,De Soto Parish LA
Shreveport-Bossier City LA Metro Area,Webster Parish LA
Sierra Vista-Douglas AZ Metro Area,Cochise AZ
Sioux City IA-NE-SD Metro Area,Dakota NE
Sioux City IA-NE-SD Metro Area,Dixon NE
Sioux City IA-NE-SD Metro Area,Plymouth IA
Sioux City IA-NE-SD Metro Area,Union SD
Sioux City IA-NE-SD Metro Area,Woodbury IA
Sioux Falls SD Metro Area,Lincoln SD
Sioux Falls SD Metro Area,McCook SD
Sioux Falls SD Metro Area,Minnehaha SD
Sioux Falls SD Metro Area,Turner SD
South Bend-Mishawaka IN-MI Metro Area,Cass MI
South Bend-Mishawaka IN-MI Metro Area,St. Joseph IN
Spartanburg SC Metro Area,Spartanburg SC
Spartanburg SC Metro Area,Union SC
Spokane-Spokane Valley WA Metro Area,Pend Oreille WA
Spokane-Spokane Valley WA Metro Area,Spokane WA
Spokane-Spokane Valley WA Metro Area,Stevens WA
Springfield IL Metro Area,Menard IL
Springfield IL Metro Area,Sangamon IL
Springfield MA Metro Area,Hampden MA
Springfield MA Metro Area,Hampshire MA
Springfield MO Metro Area,Christian MO
Springfield MO Metro Area,Dallas MO
Springfield MO Metro Area,Greene MO
Springfield MO Metro Area,Polk MO
Springfield MO Metro Area,Webster MO
Springfield OH Metro Area,Clark OH
St. Cloud MN Metro Area,Benton MN
St. Cloud MN Metro Area,Stearns MN
St. George UT Metro Area,Washington UT
St. Joseph MO-KS Metro Area,Andrew MO
St. Joseph MO-KS Metro Area,Buchanan MO
St. Joseph MO-KS Metro Area,DeKalb MO
St. Joseph MO-KS Metro Area,Doniphan KS
St. Louis MO-IL Metro Area,Bond IL
St. Louis MO-IL Metro Area,Calhoun IL
St. Louis MO-IL Metro Area,Clinton IL
St. Louis MO-IL Metro Area,Franklin MO
St. Louis MO-IL Metro Area,Jefferson MO
St. Louis MO-IL Metro Area,Jersey IL
St. Louis MO-IL Metro Area,Lincoln MO
St. Louis MO-IL Metro Area,Macoupin IL
St. Louis MO-IL Metro Area,Madison IL
St. Louis MO-IL Metro Area,Monroe IL
St. Louis MO-IL Metro Area,St. Charles MO
St. Louis MO-IL Metro Area,St. Clair IL
St. Louis MO-IL Metro Area,St. Louis city MO
St. Louis MO-IL Metro Area,St. Louis MO
St. Louis MO-IL Metro Area,Warren MO
State College PA Metro Area,Centre PA
Staunton-Waynesboro VA Metro Area,Augusta VA
Staunton-Waynesboro VA Metro Area,Staunton city VA
Staunton-Waynesboro VA Metro Area,Waynesboro city VA
Stockton-Lodi CA Metro Area,San Joaquin CA
Sumter SC Metro Area,Sumter SC
Syracuse NY Metro Area,Madison NY
Syracuse NY Metro Area,Onondaga NY
Syracuse NY Metro Area,Oswego NY
Tallahassee FL Metro Area,Gadsden FL
Tallahassee FL Metro Area,Jefferson FL
Tallahassee FL Metro Area,Leon FL
Tallahassee FL Metro Area,Wakulla FL
Tampa-St. Petersburg-Clearwater FL Metro Area,Hernando FL
Tampa-St. Petersburg-Clearwater FL Metro Area,Hillsborough FL
Tampa-St. Petersburg-Clearwater FL Metro Area,Pasco FL
Tampa-St. Petersburg-Clearwater FL Metro Area,Pinellas FL
Terre Haute IN Metro Area,Clay IN
Terre Haute IN Metro Area,Sullivan IN
Terre Haute IN Metro Area,Vermillion IN
Terre Haute IN Metro Area,Vigo IN
Texarkana TX-AR Metro Area,Bowie TX
Texarkana TX-AR Metro Area,Little River AR
Texarkana TX-AR Metro Area,Miller AR
The Villages FL Metro Area,Sumter FL
Toledo OH Metro Area,Fulton OH
Toledo OH Metro Area,Lucas OH
Toledo OH Metro Area,Wood OH
Topeka KS Metro Area,Jackson KS
Topeka KS Metro Area,Jefferson KS
Topeka KS Metro Area,Osage KS
Topeka KS Metro Area,Shawnee KS
Topeka KS Metro Area,Wabaunsee KS
Trenton NJ Metro Area,Mercer NJ
Tucson AZ Metro Area,Pima AZ
Tulsa OK Metro Area,Creek OK
Tulsa OK Metro Area,Okmulgee OK
Tulsa OK Metro Area,Osage OK
Tulsa OK Metro Area,Pawnee OK
Tulsa OK Metro Area,Rogers OK
Tulsa OK Metro Area,Tulsa OK
Tulsa OK Metro Area,Wagoner OK
Tuscaloosa AL Metro Area,Hale AL
Tuscaloosa AL Metro Area,Pickens AL
Tuscaloosa AL Metro Area,Tuscaloosa AL
Tyler TX Metro Area,Smith TX
Urban Honolulu HI Metro Area,Honolulu HI
Utica-Rome NY Metro Area,Herkimer NY
Utica-Rome NY Metro Area,Oneida NY
Valdosta GA Metro Area,Brooks GA
Valdosta GA Metro Area,Echols GA
Valdosta GA Metro Area,Lanier GA
Valdosta GA Metro Area,Lowndes GA
Vallejo-Fairfield CA Metro Area,Solano CA
Victoria TX Metro Area,Goliad TX
Victoria TX Metro Area,Victoria TX
Vineland-Bridgeton NJ Metro Area,Cumberland NJ
Virginia Beach-Norfolk-Newport News VA-NC Metro Area,Chesapeake city VA
Virginia Beach-Norfolk-Newport News VA-NC Metro Area,Currituck NC
Virginia Beach-Norfolk-Newport News VA-NC Metro Area,Gates NC
Virginia Beach-Norfolk-Newport News VA-NC Metro Area,Gloucester VA
Virginia Beach-Norfolk-Newport News VA-NC Metro Area,Hampton city VA
Virginia Beach-Norfolk-Newport News VA-NC Metro Area,Isle of Wight VA
Virginia Beach-Norfolk-Newport News VA-NC Metro Area,James City VA
Virginia Beach-Norfolk-Newport News VA-NC Metro Area,Mathews VA
Virginia Beach-Norfolk-Newport News VA-NC Metro Area,Newport News city VA
Virginia Beach-Norfolk-Newport News VA-NC Metro Area,Norfolk city VA
Virginia Beach-Norfolk-Newport News VA-NC Metro Area,Poquoson city VA
Virginia Beach-Norfolk-Newport News VA-NC Metro Area,Portsmouth city VA
Virginia Beach-Norfolk-Newport News VA-NC Metro Area,Suffolk city VA
Virginia Beach-Norfolk-Newport News VA-NC Metro Area,Virginia Beach city VA
Virginia Beach-Norfolk-Newport News VA-NC Metro Area,Williamsburg city VA
Virginia Beach-Norfolk-Newport News VA-NC Metro Area,York VA
Visalia-Porterville CA Metro Area,Tulare CA
Waco TX Metro Area,Falls TX
Waco TX Metro Area,McLennan TX
Walla Walla WA Metro Area,Columbia WA
Walla Walla WA Metro Area,Walla Walla WA
Warner Robins GA Metro Area,Houston GA
Warner Robins GA Metro Area,Peach GA
Warner Robins GA Metro Area,Pulaski GA
Washington-Arlington-Alexandria DC-VA-MD-WV Metro Area,Alexandria city VA
Washington-Arlington-Alexandria DC-VA-MD-WV Metro Area,Arlington VA
Washington-Arlington-Alexandria DC-VA-MD-WV Metro Area,Calvert MD
Washington-Arlington-Alexandria DC-VA-MD-WV Metro Area,Charles MD
Washington-Arlington-Alexandria DC-VA-MD-WV Metro Area,Clarke VA
Washington-Arlington-Alexandria DC-VA-MD-WV Metro Area,Culpeper VA
Washington-Arlington-Alexandria DC-VA-MD-WV Metro Area,District of Columbia DC
Washington-Arlington-Alexandria DC-VA-MD-WV Metro Area,Fairfax city VA
Washington-Arlington-Alexandria DC-VA-MD-WV Metro Area,Fairfax VA
Washington-Arlington-Alexandria DC-VA-MD-WV Metro Area,Falls Church city VA
Washington-Arlington-Alexandria DC-VA-MD-WV Metro Area,Fauquier VA
Washington-Arlington-Alexandria DC-VA-MD-WV Metro Area,Frederick MD
Washington-Arlington-Alexandria DC-VA-MD-WV Metro Area,Fredericksburg city VA
Washington-Arlington-Alexandria DC-VA-MD-WV Metro Area,Jefferson WV
Washington-Arlington-Alexandria DC-VA-MD-WV Metro Area,Loudoun VA
Washington-Arlington-Alexandria DC-VA-MD-WV Metro Area,Manassas city VA
Washington-Arlington-Alexandria DC-VA-MD-WV Metro Area,Manassas Park city VA
Washington-Arlington-Alexandria DC-VA-MD-WV Metro Area,Montgomery MD
Washington-Arlington-Alexandria DC-VA-MD-WV Metro Area,Prince Georges MD
Washington-Arlington-Alexandria DC-VA-MD-WV Metro Area,Prince William VA
Washington-Arlington-Alexandria DC-VA-MD-WV Metro Area,Rappahannock VA
Washington-Arlington-Alexandria DC-VA-MD-WV Metro Area,Spotsylvania VA
Washington-Arlington-Alexandria DC-VA-MD-WV Metro Area,Stafford VA
Washington-Arlington-Alexandria DC-VA-MD-WV Metro Area,Warren VA
Waterloo-Cedar Falls IA Metro Area,Black Hawk IA
Waterloo-Cedar Falls IA Metro Area,Bremer IA
Waterloo-Cedar Falls IA Metro Area,Grundy IA
Watertown-Fort Drum NY Metro Area,Jefferson NY
Wausau WI Metro Area,Marathon WI
Weirton-Steubenville WV-OH Metro Area,Brooke WV
Weirton-Steubenville WV-OH Metro Area,Hancock WV
Weirton-Steubenville WV-OH Metro Area,Jefferson OH
Wenatchee WA Metro Area,Chelan WA
Wenatchee WA Metro Area,Douglas WA
Wheeling WV-OH Metro Area,Belmont OH
Wheeling WV-OH Metro Area,Marshall WV
Wheeling WV-OH Metro Area,Ohio WV
Wichita Falls TX Metro Area,Archer TX
Wichita Falls TX Metro Area,Clay TX
Wichita Falls TX Metro Area,Wichita TX
Wichita KS Metro Area,Butler KS
Wichita KS Metro Area,Harvey KS
Wichita KS Metro Area,Kingman KS
Wichita KS Metro Area,Sedgwick KS
Wichita KS Metro Area,Sumner KS
Williamsport PA Metro Area,Lycoming PA
Wilmington NC Metro Area,New Hanover NC
Wilmington NC Metro Area,Pender NC
Winchester VA-WV Metro Area,Frederick VA
Winchester VA-WV Metro Area,Hampshire WV
Winchester VA-WV Metro Area,Winchester city VA
Winston-Salem NC Metro Area,Davidson NC
Winston-Salem NC Metro Area,Davie NC
Winston-Salem NC Metro Area,Forsyth NC
Winston-Salem NC Metro Area,Stokes NC
Winston-Salem NC Metro Area,Yadkin NC
Worcester MA-CT Metro Area,Windham CT
Worcester MA-CT Metro Area,Worcester MA
Yakima WA Metro Area,Yakima WA
York-Hanover PA Metro Area,York PA
Youngstown-Warren-Boardman OH-PA Metro Area,Mahoning OH
Youngstown-Warren-Boardman OH-PA Metro Area,Mercer PA
Youngstown-Warren-Boardman OH-PA Metro Area,Trumbull OH
Yuba City CA Metro Area,Sutter CA
Yuba City CA Metro Area,Yuba CA
Yuma AZ Metro Area,Yuma AZ
